"ID","Name","Mean","SD"
"SI","Social Influence",1.59701492537313,0.888643867933765
"SI","Social Influence",1.67164179104478,0.943688117802483
"SI","Social Influence",1.67164179104478,0.877117519189687
